	C_01_0w	C_01_4w	C_04_0w	C_04_4w	C_05_0w	C_05_4w	C_06_0w	C_06_4w	C_07_0w	C_07_4w	C_08_0w	C_08_4w	C_12_0w	C_12_4w	C_13_0w	C_13_4w	C_16_0w	C_16_4w	C_19_0w	C_19_4w	C_20_0w	C_20_4w	C_21_0w	C_21_4w	C_23_0w	C_23_4w	C_24_0w	C_24_4w	C_27_0w	C_27_4w	C_30_0w	C_30_4w	C_32_0w	C_32_4w	C_37_0w	C_37_4w	C_38_0w	C_38_4w	C_41_0w	C_41_4w	C_42_0w	C_42_4w	C_43_0w	C_43_4w	C_47_0w	C_47_4w	C_49_0w	C_49_4w	C_52_0w	C_52_4w	C_53_0w	C_53_4w	C_56_0w	C_56_4w	C_57_0w	C_57_4w	C_59_0w	C_59_4w	C_62_0w	C_62_4w	C_63_0w	C_63_4w	C_64_0w	C_64_4w	C_66_0w	C_66_4w	C_67_0w	C_67_4w	C_69_0w	C_69_4w	C_70_0w	C_70_4w	C_75_0w	C_75_4w	C_78_0w	C_78_4w	C_80_0w	C_80_4w	C_82_0w	C_82_4w	T_02_0w	T_02_4w	T_03_0w	T_03_4w	T_09_0w	T_09_4w	T_10_0w	T_10_4w	T_11_0w	T_11_4w	T_14_0w	T_14_4w	T_15_0w	T_15_4w	T_17_0w	T_17_4w	T_18_0w	T_18_4w	T_22_0w	T_22_4w	T_25_0w	T_25_4w	T_26_0w	T_26_4w	T_28_0w	T_28_4w	T_29_0w	T_29_4w	T_31_0w	T_31_4w	T_33_0w	T_33_4w	T_34_0w	T_34_4w	T_35_0w	T_35_4w	T_36_0w	T_36_4w	T_39_0w	T_39_4w	T_40_0w	T_40_4w	T_44_0w	T_44_4w	T_45_0w	T_45_4w	T_50_0w	T_50_4w	T_51_0w	T_51_4w	T_54_0w	T_54_4w	T_55_0w	T_55_4w	T_58_0w	T_58_4w	T_60_0w	T_60_4w	T_65_0w	T_65_4w	T_68_0w	T_68_4w	T_71_0w	T_71_4w	T_72_0w	T_72_4w	T_73_0w	T_73_4w	T_74_0w	T_74_4w	T_76_0w	T_76_4w	T_77_0w	T_77_4w	T_79_0w	T_79_4w	T_85_0w	T_85_4w	T_87_0w	T_87_4w
IgA	0.3701107561	0.24112169960000002	3.826535189	1.644766201	0.26443589370000004	0.12479476619999999	0.21742937899999998	0.4772529895	4.740075643	2.7538161039999998	6.899950968	0.3490841043	0.39602471229999997	2.399320758	8.278343611	1.637488488	3.89435435	0.8200769508	1.968433736	2.389702943	10.06263333	0.055402540310000005	1.448202517	2.913507385	0.1939084977	1.273102074	2.539443775	1.83609034	0.4339572275	0.132430827	0.7290171559999999	2.017154848	0.4936672343	2.3251514380000002	6.815621202999999	3.8581110560000003	3.504472128	2.317891949	1.8335524559999998	4.629047466	5.340108179	2.035252419	0.47788955409999995	1.668828464	3.8928788489999997	0.9947282118999999	3.9251880389999996	7.526712197999999	4.267296389	1.428079122	6.060725446	0.06801248612	4.871225776	0.5630672659	0.29667458129999996	0.4765605624	1.444637751	0.1502407989	1.433900177	1.911452327	0.7741888932	0.09488056632000001	15.65394491	4.53604364	5.632476556	3.393501407	0.2369696918	0.3490572721	3.20691249	5.663594705	2.079027199	3.205665021	0.6808875861	0.06839627295	0.3656924008	0.2585181995	0.7581862386	0.3653555578	3.840253465	1.71538786	6.528816667	0.6608043133	7.999380839	2.22598289	0.8539607464	31.33006961	2.178895877	2.693921135	8.343607327	3.2704857210000005	6.146812483	0.8371219763	4.9908765630000005	2.651391494	1.997522118	13.88083413	1.817467474	0.7441685802	1.095518998	0.1285234763	0.5547206822	1.321172892	1.368529139	0.02462137571	0.28472642719999997	0.1398615334	3.404826405	2.073698803	1.638507416	5.2593787910000005	1.720218992	2.165951735	0.5831662487	0.7983701019	2.517540859	3.8214902680000002	2.492259873	1.945645495	7.0333879029999995	11.5972513	4.127679383	1.040760847	3.747208459	0.2418408646	0.6777402054999999	0.9077153114000001	0.0506645539	0.1291643899	12.00081614	13.84480739	6.023476261	0.7201279198999999	2.839485681	4.52451615	1.5222217869999999	1.642261481	0.6584854572	1.711034006	2.29567881	7.640756476	0.047107184749999996	0.8862851531	1.403174361	0.2997467177	0.3094694386	1.176794472	1.5388920130000001	12.59775326	5.121509093	7.438724822999999	1.052193769	0.9017546817000001	1.503959646	2.360817448	2.195428337	4.328336372	0.2031689948	1.396962111	1.390344555	1.186925078
量	2.0416666666666665	1.807692307692308	1.5	1.15	2.25	2.6923076923076925	1.6071428571428572	1.9615384615384612	2.8	3.625	0.8571428571428571	1.0	3.9642857142857135	4.178571428571429	2.275	2.2142857142857144	1.0625	1.1111111111111112	1.2727272727272727	1.25	1.05	2.131578947368421	2.1538461538461537	2.235294117647059	4.071428571428571	3.5	3.25	3.4	1.25	1.3636363636363635	3.2777777777777777	3.25	2.5	2.4166666666666665	3.2	2.45	1.375	1.6875	0.8333333333333334	0.875	1.0714285714285714	1.25	1.2777777777777777	1.3888888888888888	3.227272727272727	2.769230769230769	1.7142857142857142	1.8571428571428568	1.1538461538461535	1.4333333333333331	2.571428571428572	2.357142857142857	1.65	1.5	1.4285714285714286	1.4615384615384617	1.807692307692308	2.4615384615384617	1.9642857142857144	1.9642857142857144	2.8571428571428568	2.7857142857142856	1.5	1.818181818181818	2.2857142857142856	2.321428571428572	1.4285714285714286	1.625	2.6	2.7142857142857144	2.5384615384615383	2.066666666666667	1.2857142857142858	1.625	1.7083333333333333	1.5714285714285714	2.8571428571428568	3.3181818181818183	1.3	1.78125	1.7777777777777777	2.45	0.875	1.0	1.25	1.4166666666666667	4.4	4.333333333333333	1.7083333333333333	1.7857142857142858	1.4545454545454546	1.0909090909090908	2.75	2.1666666666666665	2.1111111111111107	2.272727272727273	3.0	2.45	1.15	1.0	2.227272727272727	2.5416666666666665	1.1666666666666667	1.4583333333333333	1.3571428571428572	1.35	3.1666666666666665	3.6071428571428568	1.2272727272727273	1.5	1.5	1.6111111111111112	3.2916666666666665	3.4375	2.125	1.6428571428571428	1.0833333333333333	1.125	2.555555555555556	2.6538461538461537	2.0	3.4642857142857144	1.2857142857142858	1.25	2.375	1.7777777777777777	1.85	1.625	1.3888888888888888	1.5	3.5	4.055555555555555	2.3076923076923075	2.321428571428572	1.5	1.6666666666666667	1.0625	1.0333333333333334	1.375	1.7272727272727273	3.555555555555556	3.4444444444444446	3.571428571428572	3.2142857142857144	1.375	1.25	1.05	1.1538461538461535	4.785714285714286	4.642857142857143	2.357142857142857	2.3846153846153846	2.055555555555556	2.375	1.0	1.0	1.1	0.90625	2.4230769230769234	2.3421052631578947
性状	3.583333333333333	3.8461538461538463	4.4	4.5	3.75	4.0	4.428571428571429	4.615384615384615	3.0	3.083333333333333	3.571428571428572	4.416666666666667	3.5	4.5	5.05	3.928571428571429	2.0	2.888888888888889	4.0	3.6666666666666665	3.1	5.2105263157894735	3.7692307692307687	4.0588235294117645	4.0	3.692307692307693	2.6666666666666665	3.6	5.166666666666667	4.818181818181818	3.333333333333333	3.9	3.5454545454545454	3.9166666666666665	3.6	4.0	3.375	4.25	3.4444444444444446	3.5	4.0	4.0	3.7777777777777777	3.4444444444444446	4.090909090909091	4.0	4.0	3.8571428571428568	4.846153846153847	4.733333333333333	4.0	4.0	4.7	4.615384615384615	4.0	4.230769230769232	3.9230769230769234	3.7692307692307687	4.357142857142857	4.0	3.571428571428572	3.571428571428572	3.0769230769230766	4.090909090909091	4.071428571428571	4.142857142857143	4.571428571428571	4.625	4.6	5.0	4.0	4.266666666666667	4.0	4.0	4.25	4.357142857142857	2.357142857142857	2.9090909090909087	4.1	4.6875	1.6666666666666667	1.9	3.5	3.727272727272727	3.0	3.5	4.0	4.166666666666667	4.083333333333333	3.7857142857142856	3.9090909090909087	4.090909090909091	3.0	3.8	4.222222222222221	4.090909090909091	4.3	3.5	3.7	3.4	4.0	4.25	3.4166666666666665	5.583333333333332	1.0	1.6	3.111111111111111	3.8571428571428568	4.818181818181818	4.8	2.6666666666666665	3.333333333333333	4.0	3.5	4.75	4.0	3.8333333333333335	4.0	4.111111111111111	4.307692307692308	4.0	4.0	1.1428571428571428	2.0	4.0	4.4444444444444455	3.6	3.8333333333333335	4.333333333333333	4.363636363636363	3.125	3.4444444444444446	4.076923076923077	4.285714285714286	3.571428571428572	3.6666666666666665	4.25	3.466666666666667	3.25	3.636363636363636	4.333333333333333	4.4444444444444455	4.071428571428571	4.0	4.25	4.7	4.2	4.6923076923076925	4.0	4.214285714285714	4.0	4.461538461538462	5.0	5.0	4.0	4.0	2.8666666666666667	3.3125	4.307692307692308	4.157894736842104
色	5.0	4.461538461538462	3.0	3.0	4.375	5.0	3.5	3.615384615384616	4.0	4.0	5.071428571428571	5.0	3.1428571428571432	3.0	3.65	4.857142857142857	4.5	4.333333333333333	3.272727272727273	3.5	4.9	4.7368421052631575	3.1538461538461537	3.0	3.2857142857142856	3.1538461538461537	4.333333333333333	4.2	4.666666666666667	5.0	4.4444444444444455	4.4	5.0	4.083333333333333	4.4	4.0	4.875	4.0	5.111111111111111	4.5	4.714285714285714	4.583333333333333	4.5555555555555545	4.5555555555555545	3.5454545454545454	3.3076923076923075	4.428571428571429	4.285714285714286	5.0	5.0	4.714285714285714	4.857142857142857	3.3	3.2307692307692313	3.0	3.0769230769230766	4.076923076923077	4.0	3.3571428571428568	3.3571428571428568	3.2857142857142856	3.2857142857142856	4.769230769230768	4.818181818181818	2.9285714285714284	3.0	4.142857142857143	4.25	4.0	3.928571428571429	5.0	4.533333333333333	4.571428571428571	5.0	3.4166666666666665	3.2142857142857144	4.571428571428571	5.0	4.9	4.875	4.888888888888889	4.7	4.0	3.363636363636364	5.25	5.0	3.5	3.583333333333333	4.25	5.0	5.0	5.0	5.0	3.533333333333333	3.0	3.727272727272727	3.7	3.3	3.1	3.0	4.090909090909091	4.0	5.0	4.333333333333333	5.0	5.0	4.777777777777779	3.928571428571429	3.9090909090909087	5.0	5.0	3.4444444444444446	3.6666666666666665	4.375	3.625	3.1428571428571432	3.0	3.0	3.111111111111111	4.076923076923077	5.0	5.071428571428571	5.0	5.0	4.75	4.333333333333333	3.0	3.1666666666666665	4.222222222222221	4.2727272727272725	4.625	4.888888888888889	3.8461538461538463	4.0	4.857142857142857	4.833333333333333	5.125	4.333333333333333	4.0	2.9090909090909087	3.0	3.111111111111111	3.928571428571429	4.071428571428571	3.125	2.9	3.5	3.7692307692307687	4.571428571428571	5.0	3.0	3.0	2.333333333333333	2.0	4.0	4.0	3.8	3.1875	3.7692307692307687	3.1052631578947367
におい	3.4166666666666665	3.3846153846153846	3.6	3.1	3.0	3.0	3.2857142857142856	3.5384615384615383	3.0	3.0	3.0	3.25	3.0	3.0	1.85	1.9285714285714288	3.0	3.0	3.0	3.083333333333333	4.6	3.0	3.0	3.0588235294117645	3.0	3.0	3.5	3.4	2.0	2.0	4.0	3.0	3.0909090909090913	3.0	4.6	4.3	3.0	3.0	3.0	3.0	3.0	3.0	3.555555555555556	3.333333333333333	3.5454545454545454	3.4615384615384617	3.1428571428571432	3.1428571428571432	3.3846153846153846	3.1333333333333333	3.071428571428572	3.0	3.0	3.0	3.071428571428572	2.769230769230769	2.9230769230769234	2.6923076923076925	2.7857142857142856	2.7857142857142856	2.4285714285714284	2.8571428571428568	2.769230769230769	3.272727272727273	3.0	3.0	3.2857142857142856	3.0	3.0	3.0	3.0	3.0	3.4285714285714284	3.25	3.1666666666666665	3.071428571428572	3.6428571428571432	3.4545454545454546	2.8	2.625	2.2222222222222223	2.3	3.25	3.0	3.0	3.0	3.3	3.333333333333333	3.1666666666666665	3.0	2.5454545454545454	3.0	4.0	3.0	3.111111111111111	3.0	3.0	3.2	3.0	2.8	2.8181818181818183	3.0	3.0	2.833333333333333	4.0	4.0	3.7777777777777777	3.928571428571429	3.0909090909090913	3.0	3.0	3.111111111111111	3.4166666666666665	3.375	3.375	2.8571428571428568	3.0	3.0	2.1111111111111107	2.0	3.0	3.0	1.2857142857142858	1.6	3.25	3.333333333333333	3.0	2.75	3.2222222222222223	3.0	2.875	2.888888888888889	3.1538461538461537	3.0	3.0	3.0	3.375	3.0	2.75	2.9090909090909087	3.333333333333333	3.0	2.5	2.7142857142857144	2.125	1.4	3.0	3.3076923076923075	3.071428571428572	3.0	1.0	1.0769230769230769	3.0	3.0	3.0	3.0	3.0	3.0	3.0769230769230766	3.0
残便感	2.583333333333333	2.769230769230769	2.0	2.0	2.0	1.6923076923076923	2.2142857142857144	2.6923076923076925	2.5	2.1666666666666665	1.5	1.0	2.4285714285714284	2.071428571428572	2.5	1.0714285714285714	2.875	2.4444444444444446	2.0	2.083333333333333	3.9	2.5789473684210527	1.2307692307692308	1.4117647058823528	1.7142857142857142	2.0	2.6666666666666665	2.4	2.5	1.6363636363636365	3.0	2.3	2.1818181818181817	2.25	4.0	3.6	2.5	2.75	3.2222222222222223	3.0	2.071428571428572	2.1666666666666665	3.333333333333333	3.0	1.9090909090909087	2.1538461538461537	2.2857142857142856	2.0	2.6153846153846154	2.4	1.4285714285714286	1.7142857142857142	2.6	2.5384615384615383	1.5714285714285714	1.3076923076923077	1.9230769230769231	1.6153846153846154	1.9285714285714288	1.7857142857142858	1.5714285714285714	1.5714285714285714	2.6923076923076925	2.636363636363636	1.7142857142857142	2.0	2.0	2.0	2.2	2.2142857142857144	2.3846153846153846	2.8	2.571428571428572	2.5	2.0	1.4285714285714286	2.8571428571428568	2.9090909090909087	2.7	2.8125	3.4444444444444446	3.1	2.125	2.090909090909091	1.75	2.0	2.3	2.583333333333333	2.25	2.0	1.0	1.0	2.0	2.2	1.7777777777777777	2.0	2.2	2.7	3.4	3.1	3.0909090909090913	2.333333333333333	2.25	2.0	3.0	3.1	2.888888888888889	2.8571428571428568	2.9090909090909087	2.3	2.2222222222222223	2.555555555555556	2.0	2.5	2.5	2.0	2.833333333333333	2.25	1.2222222222222223	1.3076923076923077	2.1	1.5714285714285714	3.1428571428571432	3.1	2.25	2.2222222222222223	2.5	2.333333333333333	1.6666666666666667	2.090909090909091	2.375	2.4444444444444446	2.0	1.6428571428571428	2.142857142857143	2.1666666666666665	2.0	2.066666666666667	2.625	2.5454545454545454	1.8888888888888888	1.3333333333333333	2.071428571428572	2.0	1.0	1.0	1.9	1.7692307692307692	1.5	1.2142857142857142	1.0714285714285714	1.0	2.333333333333333	2.0	1.0	1.0	2.6666666666666665	2.875	2.4615384615384617	2.0526315789473686
痛み	2.9166666666666665	2.6153846153846154	2.8	2.7	2.5	3.3846153846153846	2.2142857142857144	2.0	3.9	3.9166666666666665	3.928571428571429	2.4166666666666665	2.071428571428572	2.7142857142857144	2.8	4.0	2.125	2.1111111111111107	4.0	4.0	1.4	2.0	4.0	3.647058823529412	4.0	3.692307692307693	2.833333333333333	3.0	3.333333333333333	3.4545454545454546	2.0	2.7	3.0	3.0	2.0	2.0	3.75	4.0	3.0	3.0	4.0	4.0	4.0	4.0	2.636363636363636	2.769230769230769	4.0	4.0	2.230769230769231	2.533333333333333	3.2857142857142856	3.1428571428571432	2.1	2.3076923076923075	4.0	4.0	4.0	4.0	4.0	4.0	3.2857142857142856	3.1428571428571432	3.3846153846153846	2.9090909090909087	3.3571428571428568	3.0	3.0	3.0	2.5	3.1428571428571432	2.3076923076923075	2.066666666666667	3.2857142857142856	3.0	3.0	3.5	2.4285714285714284	2.272727272727273	2.2	2.0625	2.6666666666666665	2.7	3.375	3.636363636363636	4.0	4.0	2.7	2.833333333333333	3.333333333333333	3.6428571428571432	3.9090909090909087	4.0	3.0	3.333333333333333	4.0	4.0	3.0	3.0	3.4	3.0	2.0	2.0	2.4166666666666665	1.75	4.0	4.0	4.0	3.8571428571428568	3.0909090909090913	3.6	2.0	2.0	3.5	3.625	2.125	1.8571428571428568	2.333333333333333	3.125	3.4444444444444446	3.3846153846153846	3.3	3.1428571428571432	2.8571428571428568	3.4	3.0	2.6666666666666665	4.0	4.0	3.4444444444444446	3.272727272727273	2.125	1.8888888888888888	3.8461538461538463	4.0	2.571428571428572	2.833333333333333	2.125	2.8666666666666667	2.25	2.727272727272727	2.555555555555556	3.6666666666666665	2.2857142857142856	2.4285714285714284	4.0	4.0	2.8	2.6153846153846154	3.7142857142857135	3.571428571428572	4.0	4.0	3.111111111111111	3.125	4.0	4.0	2.533333333333333	2.9375	3.0	2.526315789473684
排便回数	0.8571428571428571	0.9285714285714286	0.35714285714285715	0.7142857142857143	0.5714285714285714	0.9285714285714286	1.0	0.9285714285714286	0.7142857142857143	0.8571428571428571	1.0	0.8571428571428571	1.0	1.0	1.4285714285714286	1.0	0.5714285714285714	0.6428571428571429	0.7857142857142857	0.8571428571428571	0.7142857142857143	1.3571428571428572	0.9285714285714286	1.2142857142857142	0.5	0.9285714285714286	0.42857142857142855	0.35714285714285715	0.42857142857142855	0.7857142857142857	0.6428571428571429	0.7142857142857143	0.7857142857142857	0.8571428571428571	0.35714285714285715	0.7142857142857143	0.5714285714285714	0.5714285714285714	0.6428571428571429	0.2857142857142857	1.0	0.8571428571428571	0.6428571428571429	0.6428571428571429	0.7857142857142857	0.9285714285714286	0.5	0.5	0.9285714285714286	1.0714285714285714	1.0	1.0	0.7142857142857143	0.9285714285714286	1.0	0.9285714285714286	0.9285714285714286	0.9285714285714286	1.0	1.0	0.5	0.5	0.9285714285714286	0.7857142857142857	1.0	1.0	0.5	0.5714285714285714	0.7142857142857143	1.0	0.9285714285714286	1.0714285714285714	0.5	0.2857142857142857	0.8571428571428571	1.0	1.0	0.7857142857142857	0.7142857142857143	1.1428571428571428	0.6428571428571429	0.7142857142857143	0.5714285714285714	0.7857142857142857	0.5714285714285714	0.42857142857142855	0.7142857142857143	0.8571428571428571	0.8571428571428571	1.0	0.7857142857142857	0.7857142857142857	0.42857142857142855	1.0714285714285714	0.6428571428571429	0.7857142857142857	0.7142857142857143	0.7142857142857143	0.7142857142857143	0.7142857142857143	0.7857142857142857	0.8571428571428571	0.8571428571428571	0.8571428571428571	0.5	0.7142857142857143	0.6428571428571429	1.0	0.7857142857142857	0.7142857142857143	0.6428571428571429	0.6428571428571429	0.8571428571428571	0.5714285714285714	0.5714285714285714	0.5	0.42857142857142855	0.5714285714285714	0.6428571428571429	0.9285714285714286	0.7142857142857143	1.0	0.5	0.7142857142857143	0.2857142857142857	0.6428571428571429	0.7142857142857143	0.8571428571428571	0.6428571428571429	0.7857142857142857	0.5714285714285714	0.6428571428571429	0.9285714285714286	1.0	0.5	0.8571428571428571	0.5714285714285714	1.0714285714285714	0.5714285714285714	0.7857142857142857	0.6428571428571429	0.6428571428571429	1.0	1.0	0.5714285714285714	0.7142857142857143	0.7142857142857143	0.9285714285714286	1.0	1.0	1.0	0.9285714285714286	0.6428571428571429	0.5714285714285714	1.0	1.0	1.0714285714285714	1.1428571428571428	0.9285714285714286	1.3571428571428572
排便日数	9.0	10.0	5.0	8.0	8.0	12.0	12.0	11.0	10.0	12.0	14.0	12.0	14.0	14.0	13.0	14.0	8.0	9.0	11.0	11.0	8.0	11.0	13.0	14.0	7.0	12.0	6.0	4.0	5.0	10.0	9.0	10.0	10.0	11.0	5.0	10.0	8.0	7.0	9.0	4.0	11.0	10.0	9.0	9.0	9.0	10.0	7.0	7.0	10.0	9.0	14.0	14.0	10.0	13.0	14.0	13.0	13.0	13.0	14.0	14.0	7.0	7.0	13.0	9.0	14.0	14.0	7.0	8.0	10.0	14.0	11.0	12.0	7.0	4.0	10.0	12.0	11.0	10.0	10.0	14.0	7.0	9.0	7.0	11.0	8.0	6.0	9.0	11.0	10.0	13.0	11.0	11.0	6.0	13.0	9.0	11.0	9.0	8.0	10.0	10.0	11.0	12.0	10.0	12.0	7.0	10.0	9.0	13.0	11.0	10.0	9.0	9.0	11.0	8.0	7.0	7.0	6.0	8.0	9.0	13.0	10.0	14.0	7.0	10.0	4.0	7.0	10.0	12.0	9.0	11.0	8.0	9.0	11.0	13.0	7.0	12.0	6.0	13.0	7.0	11.0	9.0	9.0	14.0	14.0	8.0	9.0	8.0	7.0	14.0	14.0	14.0	13.0	6.0	8.0	14.0	14.0	14.0	14.0	11.0	13.0
身長(cm)	167.7	167.7	156.7	156.7	158.4	158.4	159.8	159.8	156.9	156.9	156.9	156.9	167.2	167.2	181.3	181.3	158.6	158.6	163.6	163.6	164.5	164.5	174.8	174.8	152.4	152.4	158.7	158.7	170.2	170.2	172.3	172.3	160.9	160.9	162.7	162.7	157.1	157.1	158.5	158.5	155.5	155.5	161.6	161.6	171.7	171.7	165.2	165.2	162.6	162.6	170.1	170.1	162.4	162.4	158.6	158.6	173.2	173.2	163.6	163.6	167.9	167.9	152.9	152.9	174.1	174.1	152.6	152.6	172.6	172.6	153.6	153.6	152.0	152.0	167.8	167.8	154.8	154.8	166.7	166.7	154.9	154.9	162.0	162.0	167.6	167.6	174.5	174.5	169.8	169.8	159.5	159.5	160.2	160.2	171.4	171.4	161.5	161.5	184.0	184.0	155.0	155.0	152.3	152.3	156.1	156.1	160.0	160.0	158.6	158.6	161.7	161.7	158.7	158.7	169.7	169.7	151.0	151.0	150.9	150.9	157.3	157.3	167.4	167.4	153.9	153.9	172.1	172.1	148.2	148.2	171.8	171.8	157.5	157.5	148.3	148.3	148.4	148.4	168.0	168.0	163.5	163.5	157.3	157.3	163.2	163.2	167.5	167.5	169.9	169.9	172.0	172.0	179.6	179.6	177.1	177.1	152.8	152.8	156.0	156.0
体重(kg)	61.3	61.1	52.4	52.1	49.5	50.2	73.0	72.1	41.3	41.7	52.7	51.8	57.9	58.9	76.5	76.7	54.6	55.0	48.2	48.8	62.6	62.5	67.9	69.0	60.1	60.1	54.1	53.3	59.9	61.4	66.2	65.8	53.1	53.3	64.1	66.1	50.9	53.3	51.9	52.0	59.8	60.3	54.1	53.9	56.9	56.4	44.0	44.5	48.8	48.4	66.0	66.2	52.9	52.6	51.1	49.8	51.6	52.0	63.5	62.6	47.2	47.3	46.9	47.0	68.6	68.9	44.7	44.6	66.3	66.5	46.8	46.3	42.8	43.4	55.8	55.9	42.7	43.0	64.7	64.9	56.2	55.7	55.1	55.1	60.2	60.0	76.3	75.3	64.5	65.6	51.5	51.5	43.1	43.5	63.8	64.5	58.2	59.4	82.0	82.1	55.2	55.7	47.1	47.3	43.3	43.7	51.8	52.8	59.3	57.7	46.3	46.7	48.8	49.1	66.4	66.0	40.9	41.0	43.1	43.8	67.5	68.0	61.0	60.7	52.8	53.1	49.9	51.7	51.5	52.1	74.9	73.9	44.8	45.3	46.9	46.9	47.1	48.3	71.6	71.4	63.7	64.6	48.7	47.5	61.5	60.0	54.9	55.0	71.7	71.2	68.3	69.0	52.9	52.7	66.7	65.8	55.3	55.5	51.8	50.9
BMI	21.796880805908557	21.725765370978998	21.339944915249067	21.21776965810069	19.728535353535356	20.007524742373224	28.587047952619123	28.234604895669012	16.7766082897568	16.93909360006922	21.407439633660623	21.041847685457686	20.71123600650168	21.068943018703784	23.273721169868043	23.33456749972391	21.70632377565997	21.86534446266115	18.008620225847523	18.23279392160496	23.133563067599148	23.096608494008738	22.222193130822284	22.582199205106587	25.876440641770174	25.876440641770174	21.480451796238263	21.16281110424213	20.677960952829395	21.195772996723285	22.299105105248746	22.16436731005086	20.510792114430906	20.588045568722546	24.214913591290788	24.970449116760076	20.623644420817968	21.596075591937083	20.658977599538254	20.69878295136781	24.730927099595746	24.93770742651544	20.7164126066072	20.63982697774728	19.3006384814027	19.131037088771745	16.122507606892224	16.305717920606913	18.45774915313729	18.3064561272919	22.810526435844878	22.87964924322623	20.057815040403792	19.944065616734207	20.314892764399726	19.79807553164591	17.201009125868726	17.334350281883207	23.725049467662195	23.38878892402604	16.743282556018162	16.77875561228091	20.06124454143801	20.104019050055157	22.632189637954248	22.731164228207692	19.19545698929349	19.152514132494176	22.255222760345827	22.322357670633444	19.83642578125	19.624498155381943	18.524930747922443	18.784626038781163	19.81756475513587	19.85308010415941	17.819108093130087	17.94430089003732	23.28268599429485	23.354657202932547	23.4225125354203	23.214127192578484	20.99527511050145	20.99527511050145	21.431297383815316	21.36009706028104	25.057265539691787	24.728861010993338	22.370945656290704	22.75246565973132	20.243511757942628	20.243511757942628	16.79392644338148	16.949786549584555	21.716960605841926	21.95523446828847	22.314025822158747	22.774108828801197	24.22022684310019	24.24976370510397	22.976066597294484	23.184183142559828	20.30584657488653	20.392070976478408	17.769781604049047	17.933936630414394	20.234375	20.625	23.574816847923746	22.938734099919056	17.707650890794273	17.86063275594153	19.3760822117639	19.495197471262454	23.05708468860261	22.918186588068863	17.937809745186613	17.981667470724968	18.927741261729373	19.235152372708736	27.280123217243943	27.482198204038344	21.768019995175347	21.660964159133506	22.29239259436585	22.419053915924746	16.847629565530355	17.455359690138668	23.448270838000226	23.721454575918674	25.3767206365254	25.03791261734616	18.059964726631392	18.261526832955397	21.325073694271193	21.325073694271193	21.387159349321784	21.93205512892234	25.36848072562358	25.29761904761905	23.828895809368834	24.165567806675448	19.68210371377452	19.197123745467962	23.09057814302191	22.527393310265282	19.567832479394074	19.603475161505898	24.83890222445014	24.66568812246653	23.086803677663603	23.323418063818284	16.399968254125724	16.3379645934296	21.26614210182816	20.979192658175304	23.685274526465825	23.770935555494642	21.285338593030893	20.9155161078238
最低血圧(mmHg)	132.0	112.0	116.0	108.0	130.0	114.0	113.0	116.0	96.0	96.0	95.0	98.0	108.0	115.0	139.0	121.0	148.0	131.0	98.0	106.0	135.0	112.0	113.0	115.0	97.0	92.0	113.0	114.0	112.0	104.0	102.0	104.0	121.0	124.0	114.0	106.0	94.0	109.0	109.0	112.0	129.0	115.0	97.0	97.0	109.0	105.0	89.0	88.0	109.0	98.0	103.0	114.0	111.0	126.0	110.0	95.0	124.0	108.0	116.0	116.0	99.0	98.0	111.0	112.0	115.0	125.0	100.0	99.0	140.0	132.0	100.0	106.0	117.0	101.0	97.0	109.0	111.0	115.0	122.0	123.0	109.0	116.0	99.0	102.0	89.0	104.0	122.0	117.0	133.0	131.0	107.0	108.0	102.0	102.0	130.0	120.0	90.0	105.0	103.0	93.0	135.0	131.0	100.0	99.0	86.0	84.0	102.0	104.0	113.0	101.0	109.0	104.0	96.0	92.0	108.0	113.0	103.0	108.0	131.0	97.0	115.0	104.0	134.0	130.0	119.0	120.0	104.0	106.0	101.0	101.0	132.0	128.0	107.0	114.0	116.0	106.0	105.0	106.0	124.0	121.0	105.0	109.0	97.0	89.0	125.0	117.0	96.0	107.0	123.0	118.0	128.0	135.0	123.0	122.0	116.0	116.0	103.0	114.0	122.0	116.0
最高血圧(mmHg)	78.0	74.0	57.0	65.0	74.0	69.0	68.0	67.0	56.0	56.0	53.0	60.0	63.0	68.0	64.0	77.0	104.0	95.0	62.0	67.0	82.0	69.0	79.0	73.0	64.0	56.0	78.0	75.0	61.0	63.0	63.0	65.0	86.0	82.0	74.0	70.0	67.0	55.0	64.0	64.0	85.0	81.0	62.0	58.0	61.0	66.0	55.0	56.0	60.0	49.0	65.0	73.0	72.0	73.0	71.0	59.0	77.0	69.0	80.0	75.0	62.0	59.0	65.0	64.0	77.0	76.0	57.0	62.0	93.0	89.0	66.0	66.0	78.0	64.0	59.0	62.0	71.0	81.0	82.0	79.0	70.0	69.0	57.0	64.0	57.0	70.0	95.0	95.0	90.0	84.0	64.0	66.0	69.0	64.0	79.0	71.0	57.0	58.0	59.0	58.0	83.0	81.0	66.0	64.0	59.0	52.0	66.0	66.0	73.0	64.0	73.0	69.0	59.0	59.0	64.0	62.0	64.0	63.0	56.0	49.0	70.0	65.0	84.0	89.0	69.0	69.0	58.0	63.0	67.0	62.0	80.0	82.0	66.0	79.0	78.0	78.0	70.0	66.0	74.0	75.0	71.0	74.0	63.0	60.0	85.0	74.0	61.0	62.0	79.0	74.0	67.0	81.0	72.0	77.0	72.0	70.0	72.0	77.0	68.0	70.0
脈拍数(bpm)	62.0	59.0	71.0	78.0	62.0	62.0	70.0	73.0	61.0	60.0	57.0	61.0	54.0	59.0	52.0	47.0	75.0	75.0	59.0	65.0	68.0	70.0	78.0	73.0	81.0	78.0	64.0	76.0	70.0	73.0	64.0	78.0	72.0	68.0	85.0	74.0	64.0	67.0	63.0	64.0	100.0	82.0	73.0	71.0	74.0	84.0	68.0	65.0	58.0	65.0	69.0	67.0	69.0	70.0	87.0	72.0	75.0	73.0	76.0	85.0	88.0	90.0	71.0	68.0	71.0	84.0	68.0	69.0	79.0	77.0	65.0	61.0	69.0	58.0	76.0	80.0	88.0	98.0	72.0	69.0	67.0	72.0	79.0	64.0	79.0	85.0	75.0	87.0	80.0	76.0	66.0	74.0	74.0	73.0	53.0	52.0	60.0	62.0	74.0	73.0	69.0	81.0	51.0	54.0	76.0	75.0	63.0	61.0	70.0	76.0	81.0	83.0	64.0	77.0	53.0	60.0	65.0	74.0	67.0	64.0	80.0	79.0	61.0	63.0	78.0	75.0	76.0	70.0	72.0	80.0	73.0	62.0	78.0	80.0	85.0	87.0	72.0	78.0	64.0	67.0	68.0	69.0	73.0	69.0	81.0	79.0	60.0	67.0	73.0	71.0	68.0	80.0	55.0	69.0	81.0	83.0	58.0	59.0	60.0	69.0
総蛋白(g/dL)	6.8	6.7	7.2	7.3	7.3	7.3	7.3	7.7	7.0	6.6	6.9	7.4	7.2	7.0	7.8	7.9	7.4	7.6	7.0	7.7	8.0	8.2	7.7	7.4	7.2	7.4	7.3	7.6	6.8	6.6	7.8	7.5	8.2	8.0	7.3	6.7	7.0	6.2	7.2	6.7	7.8	6.9	7.3	7.1	6.8	7.0	6.7	6.9	7.7	8.0	6.8	7.0	6.9	7.1	6.6	6.9	7.3	7.0	6.8	6.7	7.2	7.1	6.7	6.7	7.1	6.9	7.2	7.2	7.2	7.1	6.6	6.5	6.9	6.5	7.0	7.5	7.9	8.0	7.9	7.4	7.1	7.0	7.2	7.3	7.3	7.6	7.3	7.5	7.6	7.2	7.1	7.4	7.4	6.8	6.7	6.8	6.7	6.9	6.9	6.7	7.3	7.5	6.4	6.7	7.2	7.2	6.9	6.6	7.1	7.4	7.1	7.0	7.6	7.4	7.2	7.0	6.9	6.7	7.2	6.9	6.6	6.8	7.2	7.4	7.3	7.7	6.8	6.8	6.9	7.1	7.8	7.6	7.2	7.0	6.8	7.1	7.2	7.3	7.5	7.5	7.4	7.0	7.1	7.2	6.5	6.4	6.5	6.9	7.5	7.3	7.1	6.8	7.6	7.8	7.5	7.8	7.5	7.1	7.0	7.1
アルブミン(g/dL)	4.3	4.3	4.6	4.5	4.5	4.6	4.1	4.4	4.8	4.5	4.5	4.8	4.5	4.3	4.9	4.9	4.6	4.7	4.6	4.9	4.7	4.8	4.8	4.5	4.1	4.2	4.6	4.8	4.8	4.6	4.7	4.6	4.9	4.9	4.5	4.3	4.2	3.7	4.3	4.2	4.5	4.2	4.3	4.3	4.2	4.6	4.4	4.5	4.7	5.0	4.5	4.7	4.1	4.1	4.0	4.1	4.5	4.3	4.6	4.4	4.5	4.3	4.2	4.3	4.8	4.7	4.3	4.4	4.5	4.3	4.5	4.3	4.7	4.4	4.5	4.8	5.0	4.9	4.8	4.7	4.5	4.5	4.3	4.5	4.3	4.7	4.3	4.5	4.8	4.5	4.0	4.2	4.5	4.3	4.3	4.5	4.3	4.4	4.6	4.5	4.5	4.6	4.0	4.3	4.3	4.3	4.2	4.1	3.9	4.3	4.4	4.5	4.6	4.7	4.5	4.8	4.1	4.3	4.6	4.7	4.2	4.3	4.0	4.3	4.4	4.9	4.3	4.6	4.3	4.5	4.5	4.6	4.3	4.0	4.3	4.3	4.3	4.2	4.8	4.7	4.6	4.4	4.4	4.4	4.3	4.2	4.1	4.2	4.8	4.7	4.6	4.3	4.4	4.5	4.9	4.8	4.6	4.3	4.4	4.5
総ビリルビン(mg/dL)	0.6	0.7	0.5	0.8	0.5	0.8	0.4	0.6	1.1	0.8	1.1	1.5	0.4	0.3	0.7	0.6	0.8	0.6	0.6	0.6	0.6	0.5	0.8	0.3	0.6	0.6	0.5	0.4	0.6	0.6	0.6	0.6	0.4	0.5	0.7	0.6	0.5	0.4	0.9	0.8	0.4	0.4	0.5	0.6	0.8	1.2	0.8	0.6	1.3	1.2	0.5	0.5	0.6	0.7	0.7	0.8	1.0	1.1	1.4	1.4	0.6	0.6	0.4	0.5	0.7	0.6	0.9	0.9	1.6	1.6	0.8	0.8	0.7	0.8	1.3	0.9	0.7	0.8	1.1	1.0	0.7	0.8	0.5	0.4	0.7	0.7	0.4	0.6	0.7	0.8	0.6	0.6	1.2	1.2	0.9	0.8	1.3	0.7	0.9	1.4	0.7	0.6	0.6	0.7	0.7	0.8	0.9	0.8	0.6	0.7	0.8	0.7	1.2	0.8	0.7	0.6	0.9	0.7	1.4	1.3	0.5	0.5	1.0	0.9	0.7	0.6	1.1	1.1	0.8	0.6	0.7	0.9	0.6	0.6	1.5	1.0	0.6	0.7	0.9	0.7	0.6	0.8	0.9	0.8	1.1	1.1	0.6	0.9	0.7	0.8	0.9	0.8	1.2	1.4	1.1	1.1	0.6	0.5	0.9	1.1
ALP/IFCC(U/L)	51.0	50.0	51.0	56.0	72.0	66.0	50.0	59.0	42.0	40.0	45.0	52.0	48.0	52.0	65.0	64.0	54.0	61.0	61.0	64.0	49.0	52.0	69.0	69.0	56.0	62.0	52.0	57.0	85.0	89.0	77.0	76.0	104.0	106.0	44.0	43.0	54.0	49.0	51.0	46.0	64.0	58.0	87.0	77.0	59.0	61.0	66.0	69.0	41.0	41.0	80.0	85.0	44.0	45.0	38.0	40.0	58.0	52.0	61.0	61.0	39.0	36.0	49.0	50.0	76.0	73.0	43.0	44.0	85.0	71.0	47.0	45.0	38.0	35.0	67.0	71.0	65.0	70.0	28.0	27.0	52.0	50.0	60.0	71.0	77.0	82.0	72.0	76.0	54.0	50.0	54.0	49.0	51.0	49.0	42.0	41.0	35.0	39.0	54.0	53.0	49.0	51.0	43.0	47.0	40.0	39.0	37.0	44.0	54.0	55.0	55.0	58.0	40.0	41.0	70.0	67.0	50.0	60.0	44.0	44.0	61.0	62.0	58.0	67.0	72.0	80.0	55.0	59.0	49.0	53.0	70.0	72.0	37.0	35.0	54.0	53.0	26.0	27.0	92.0	92.0	73.0	72.0	34.0	38.0	56.0	49.0	59.0	55.0	46.0	45.0	84.0	111.0	76.0	76.0	77.0	78.0	63.0	57.0	44.0	45.0
LDH/IFCC(U/L)	159.0	170.0	141.0	150.0	176.0	192.0	184.0	196.0	145.0	135.0	166.0	161.0	200.0	218.0	147.0	182.0	156.0	163.0	138.0	165.0	188.0	194.0	142.0	154.0	152.0	148.0	160.0	159.0	152.0	159.0	198.0	191.0	192.0	199.0	161.0	157.0	190.0	201.0	136.0	134.0	198.0	176.0	226.0	215.0	134.0	136.0	173.0	181.0	140.0	142.0	143.0	144.0	130.0	133.0	155.0	156.0	148.0	141.0	151.0	147.0	151.0	149.0	176.0	177.0	144.0	147.0	156.0	163.0	178.0	165.0	142.0	146.0	187.0	172.0	140.0	145.0	153.0	165.0	169.0	173.0	168.0	166.0	164.0	158.0	141.0	143.0	208.0	212.0	113.0	116.0	159.0	163.0	136.0	127.0	172.0	165.0	186.0	187.0	195.0	200.0	162.0	162.0	154.0	157.0	152.0	157.0	136.0	139.0	149.0	156.0	149.0	148.0	151.0	161.0	163.0	177.0	155.0	153.0	137.0	135.0	175.0	166.0	149.0	154.0	167.0	189.0	148.0	144.0	144.0	144.0	187.0	184.0	148.0	167.0	157.0	159.0	147.0	154.0	173.0	173.0	147.0	155.0	144.0	159.0	175.0	187.0	122.0	130.0	103.0	104.0	194.0	204.0	126.0	137.0	150.0	147.0	191.0	186.0	168.0	160.0
AST(U/L)	16.0	16.0	15.0	14.0	22.0	24.0	13.0	14.0	15.0	14.0	17.0	17.0	30.0	39.0	17.0	54.0	16.0	15.0	17.0	18.0	24.0	24.0	16.0	15.0	25.0	19.0	19.0	19.0	23.0	24.0	32.0	29.0	20.0	21.0	16.0	15.0	20.0	27.0	17.0	17.0	22.0	18.0	25.0	25.0	18.0	20.0	29.0	27.0	20.0	21.0	24.0	23.0	16.0	16.0	18.0	20.0	15.0	15.0	16.0	17.0	15.0	15.0	15.0	16.0	17.0	19.0	19.0	21.0	34.0	26.0	17.0	17.0	18.0	16.0	19.0	18.0	22.0	23.0	29.0	29.0	19.0	17.0	17.0	18.0	16.0	16.0	21.0	19.0	18.0	20.0	24.0	22.0	15.0	16.0	27.0	21.0	21.0	22.0	22.0	20.0	17.0	16.0	16.0	16.0	23.0	22.0	19.0	31.0	18.0	20.0	19.0	19.0	19.0	19.0	19.0	23.0	20.0	23.0	18.0	18.0	20.0	19.0	16.0	19.0	20.0	21.0	12.0	11.0	11.0	11.0	24.0	22.0	19.0	21.0	17.0	17.0	18.0	18.0	41.0	35.0	17.0	16.0	19.0	17.0	21.0	20.0	15.0	16.0	16.0	16.0	18.0	20.0	17.0	17.0	20.0	17.0	21.0	19.0	17.0	16.0
ALT(U/L)	10.0	12.0	13.0	13.0	17.0	20.0	18.0	17.0	8.0	7.0	9.0	10.0	18.0	19.0	13.0	41.0	12.0	11.0	11.0	10.0	22.0	19.0	12.0	13.0	23.0	19.0	13.0	12.0	27.0	31.0	24.0	22.0	20.0	26.0	11.0	10.0	10.0	21.0	11.0	9.0	14.0	12.0	18.0	18.0	12.0	14.0	20.0	21.0	12.0	12.0	28.0	25.0	9.0	9.0	12.0	16.0	14.0	16.0	14.0	15.0	9.0	11.0	9.0	11.0	16.0	19.0	14.0	17.0	31.0	26.0	10.0	13.0	9.0	9.0	13.0	13.0	15.0	15.0	35.0	40.0	17.0	17.0	11.0	12.0	15.0	15.0	23.0	18.0	20.0	18.0	19.0	14.0	13.0	10.0	35.0	27.0	13.0	15.0	22.0	19.0	11.0	10.0	10.0	11.0	17.0	15.0	16.0	40.0	15.0	14.0	10.0	9.0	16.0	21.0	14.0	21.0	18.0	26.0	9.0	10.0	17.0	15.0	24.0	47.0	11.0	10.0	16.0	13.0	8.0	7.0	17.0	18.0	16.0	18.0	12.0	11.0	13.0	14.0	74.0	60.0	15.0	17.0	12.0	15.0	17.0	16.0	9.0	11.0	13.0	12.0	21.0	24.0	9.0	10.0	12.0	12.0	20.0	18.0	9.0	8.0
γ-GTP(U/L)	17.0	23.0	17.0	20.0	14.0	16.0	12.0	13.0	15.0	16.0	11.0	13.0	16.0	17.0	14.0	19.0	15.0	15.0	10.0	12.0	15.0	16.0	14.0	15.0	30.0	33.0	13.0	14.0	17.0	18.0	40.0	34.0	22.0	24.0	22.0	20.0	11.0	11.0	22.0	19.0	20.0	19.0	11.0	10.0	18.0	19.0	40.0	38.0	13.0	12.0	22.0	21.0	11.0	11.0	15.0	18.0	13.0	13.0	25.0	26.0	8.0	8.0	15.0	17.0	26.0	28.0	16.0	16.0	97.0	88.0	11.0	10.0	19.0	18.0	13.0	14.0	11.0	12.0	40.0	48.0	15.0	15.0	14.0	14.0	22.0	26.0	30.0	28.0	20.0	18.0	10.0	11.0	21.0	21.0	37.0	36.0	14.0	15.0	18.0	17.0	12.0	14.0	11.0	11.0	15.0	14.0	19.0	28.0	14.0	14.0	10.0	9.0	26.0	25.0	12.0	12.0	13.0	12.0	16.0	13.0	9.0	9.0	47.0	63.0	10.0	11.0	16.0	15.0	13.0	13.0	24.0	24.0	39.0	36.0	10.0	10.0	13.0	16.0	33.0	32.0	23.0	23.0	8.0	9.0	40.0	36.0	14.0	18.0	22.0	23.0	18.0	21.0	21.0	22.0	12.0	13.0	11.0	10.0	11.0	12.0
CPK(U/L)	113.0	118.0	46.0	51.0	135.0	128.0	72.0	76.0	40.0	34.0	99.0	87.0	217.0	256.0	117.0	173.0	94.0	114.0	50.0	51.0	149.0	127.0	69.0	72.0	72.0	60.0	105.0	90.0	150.0	166.0	267.0	234.0	75.0	73.0	83.0	73.0	114.0	194.0	63.0	74.0	104.0	87.0	159.0	170.0	69.0	67.0	132.0	183.0	76.0	73.0	114.0	115.0	48.0	51.0	75.0	59.0	92.0	90.0	123.0	106.0	92.0	77.0	72.0	73.0	90.0	96.0	95.0	107.0	78.0	65.0	69.0	66.0	79.0	65.0	96.0	92.0	76.0	100.0	205.0	251.0	118.0	100.0	60.0	56.0	94.0	86.0	148.0	104.0	55.0	57.0	104.0	89.0	145.0	58.0	161.0	119.0	209.0	236.0	112.0	190.0	82.0	75.0	115.0	124.0	73.0	78.0	83.0	98.0	65.0	86.0	84.0	83.0	80.0	85.0	116.0	148.0	70.0	77.0	79.0	76.0	121.0	98.0	50.0	38.0	95.0	98.0	45.0	53.0	58.0	57.0	189.0	127.0	123.0	111.0	69.0	69.0	46.0	47.0	128.0	120.0	112.0	138.0	102.0	60.0	164.0	247.0	80.0	65.0	117.0	129.0	123.0	164.0	67.0	69.0	116.0	93.0	115.0	115.0	73.0	82.0
総コレステロール(mg/dL)	234.0	272.0	228.0	230.0	224.0	233.0	166.0	202.0	214.0	175.0	157.0	186.0	197.0	170.0	125.0	151.0	249.0	254.0	216.0	241.0	235.0	235.0	203.0	184.0	271.0	274.0	212.0	197.0	205.0	212.0	224.0	200.0	253.0	225.0	222.0	197.0	212.0	181.0	154.0	163.0	236.0	189.0	263.0	266.0	199.0	217.0	199.0	204.0	180.0	196.0	271.0	277.0	155.0	163.0	188.0	200.0	238.0	221.0	194.0	206.0	207.0	207.0	184.0	182.0	197.0	197.0	153.0	158.0	220.0	208.0	200.0	207.0	254.0	234.0	147.0	167.0	230.0	224.0	244.0	252.0	222.0	234.0	175.0	178.0	192.0	209.0	211.0	231.0	216.0	234.0	187.0	202.0	148.0	151.0	245.0	249.0	247.0	249.0	237.0	230.0	210.0	207.0	227.0	232.0	283.0	277.0	242.0	239.0	189.0	182.0	212.0	206.0	198.0	183.0	161.0	155.0	268.0	265.0	196.0	174.0	216.0	227.0	193.0	217.0	187.0	211.0	185.0	210.0	180.0	165.0	155.0	163.0	210.0	206.0	220.0	202.0	252.0	255.0	115.0	106.0	199.0	188.0	195.0	183.0	169.0	173.0	175.0	174.0	172.0	163.0	235.0	248.0	141.0	165.0	155.0	161.0	166.0	141.0	193.0	196.0
中性脂肪(mg/dL)	141.0	189.0	59.0	84.0	82.0	52.0	34.0	42.0	41.0	43.0	57.0	52.0	262.0	222.0	60.0	66.0	74.0	67.0	45.0	57.0	91.0	125.0	80.0	61.0	151.0	189.0	61.0	137.0	69.0	52.0	84.0	51.0	117.0	132.0	29.0	36.0	72.0	142.0	76.0	64.0	63.0	45.0	66.0	122.0	53.0	60.0	56.0	42.0	37.0	61.0	109.0	131.0	62.0	51.0	55.0	63.0	73.0	76.0	61.0	43.0	53.0	66.0	29.0	35.0	113.0	137.0	46.0	39.0	456.0	402.0	23.0	24.0	45.0	45.0	78.0	90.0	42.0	59.0	127.0	217.0	51.0	57.0	174.0	227.0	54.0	48.0	93.0	87.0	78.0	66.0	46.0	82.0	67.0	46.0	61.0	55.0	50.0	59.0	156.0	73.0	70.0	65.0	37.0	42.0	73.0	68.0	43.0	64.0	92.0	55.0	43.0	53.0	47.0	45.0	107.0	126.0	39.0	52.0	48.0	47.0	49.0	74.0	44.0	44.0	25.0	41.0	29.0	51.0	40.0	70.0	36.0	48.0	123.0	131.0	77.0	81.0	98.0	196.0	42.0	39.0	107.0	75.0	34.0	40.0	95.0	53.0	37.0	38.0	53.0	72.0	50.0	75.0	74.0	50.0	56.0	76.0	35.0	26.0	62.0	60.0
HDL-コレステロール(mg/dL)	46.0	42.0	68.0	65.0	109.0	112.0	53.0	60.0	95.0	82.0	64.0	75.0	47.0	47.0	54.0	77.0	66.0	68.0	75.0	87.0	68.0	67.0	52.0	53.0	66.0	68.0	64.0	62.0	60.0	64.0	53.0	47.0	78.0	69.0	89.0	80.0	83.0	63.0	80.0	77.0	104.0	93.0	82.0	74.0	66.0	66.0	101.0	100.0	66.0	64.0	52.0	53.0	72.0	78.0	71.0	71.0	82.0	77.0	57.0	58.0	84.0	87.0	104.0	95.0	51.0	50.0	70.0	71.0	58.0	58.0	85.0	88.0	112.0	103.0	60.0	67.0	84.0	81.0	55.0	50.0	73.0	73.0	45.0	46.0	71.0	78.0	44.0	46.0	66.0	67.0	70.0	61.0	51.0	56.0	74.0	83.0	70.0	76.0	48.0	50.0	58.0	63.0	109.0	116.0	144.0	131.0	105.0	97.0	62.0	62.0	71.0	72.0	68.0	59.0	45.0	44.0	90.0	89.0	91.0	77.0	82.0	78.0	74.0	83.0	69.0	73.0	84.0	84.0	78.0	67.0	61.0	67.0	65.0	60.0	82.0	82.0	65.0	60.0	48.0	46.0	51.0	46.0	73.0	74.0	66.0	73.0	78.0	78.0	66.0	61.0	66.0	65.0	74.0	81.0	64.0	63.0	63.0	60.0	67.0	64.0
LDL-コレステロール(mg/dL)	156.0	183.0	149.0	150.0	89.0	95.0	96.0	136.0	99.0	80.0	76.0	97.0	98.0	85.0	58.0	63.0	154.0	162.0	126.0	134.0	141.0	143.0	136.0	113.0	177.0	165.0	126.0	106.0	126.0	131.0	138.0	132.0	159.0	134.0	121.0	104.0	106.0	87.0	62.0	68.0	109.0	79.0	163.0	159.0	120.0	133.0	88.0	89.0	109.0	123.0	191.0	190.0	68.0	68.0	109.0	116.0	138.0	126.0	127.0	139.0	106.0	101.0	58.0	68.0	132.0	129.0	71.0	71.0	102.0	90.0	97.0	95.0	116.0	109.0	71.0	81.0	128.0	127.0	156.0	157.0	129.0	139.0	101.0	93.0	105.0	119.0	140.0	157.0	131.0	155.0	101.0	119.0	81.0	83.0	145.0	130.0	162.0	154.0	162.0	158.0	140.0	131.0	93.0	80.0	110.0	105.0	121.0	121.0	120.0	110.0	129.0	124.0	112.0	106.0	96.0	89.0	143.0	146.0	88.0	83.0	128.0	137.0	104.0	118.0	115.0	130.0	87.0	103.0	95.0	82.0	83.0	85.0	131.0	128.0	119.0	104.0	169.0	154.0	54.0	52.0	133.0	124.0	111.0	94.0	81.0	75.0	79.0	71.0	94.0	86.0	154.0	164.0	50.0	66.0	73.0	75.0	93.0	75.0	110.0	114.0
尿素窒素(mg/dL)	12.5	10.4	8.9	9.2	20.0	14.7	11.9	7.6	8.1	6.9	12.2	12.6	15.5	13.9	9.3	10.7	9.7	9.1	12.4	8.6	9.0	9.9	18.7	16.5	8.7	9.8	17.8	14.5	21.2	15.8	14.3	9.9	15.7	13.9	9.0	11.4	13.3	13.0	11.2	10.0	9.8	12.2	13.1	10.2	15.0	11.8	14.2	16.7	13.0	10.4	11.2	8.3	7.7	7.6	11.1	13.4	12.9	14.4	12.1	15.2	14.0	13.1	12.7	10.8	6.7	8.2	9.8	9.3	9.4	12.7	17.7	13.3	10.9	10.3	10.3	14.2	11.9	12.1	17.4	20.7	11.1	9.7	13.0	12.0	15.2	10.6	13.1	14.1	11.9	10.8	11.5	8.9	11.2	11.7	14.6	15.8	14.9	12.2	12.5	10.6	8.5	10.0	10.3	9.2	14.5	13.1	9.1	8.5	8.2	15.8	12.4	7.9	9.0	13.3	12.4	11.7	10.4	11.6	10.4	11.7	7.9	9.2	11.5	12.2	8.3	9.3	17.8	13.6	12.5	12.4	17.1	16.5	12.9	10.7	8.1	9.3	10.9	8.7	12.9	16.5	12.6	9.8	15.2	14.7	11.9	13.1	11.9	8.5	18.3	15.3	18.4	17.7	9.0	9.0	12.3	13.6	17.1	12.4	10.9	11.5
クレアチニン(mg/dL)	0.9	0.86	0.69	0.61	0.61	0.57	0.58	0.58	0.63	0.64	0.71	0.65	1.11	0.85	1.0	0.93	0.59	0.55	0.78	0.73	0.61	0.6	1.09	1.0	0.42	0.44	0.49	0.5	0.88	0.81	0.89	0.8	0.55	0.54	0.59	0.6	0.69	0.73	0.76	0.63	0.54	0.56	0.75	0.77	0.69	0.66	0.7	0.63	0.5	0.54	0.8	0.74	0.44	0.44	0.7	0.7	0.79	0.71	0.93	0.9	0.6	0.55	0.61	0.57	0.95	0.9	0.56	0.55	0.79	0.8	0.69	0.69	0.69	0.66	0.53	0.52	0.47	0.47	0.91	0.97	0.64	0.62	0.77	0.71	0.75	0.7	0.95	1.03	0.68	0.69	0.72	0.73	0.75	0.74	1.06	1.02	0.83	0.83	0.89	0.87	0.49	0.51	0.6	0.68	0.51	0.5	0.66	0.66	0.66	0.72	0.55	0.6	0.68	0.73	0.87	0.95	0.47	0.52	0.63	0.71	0.73	0.64	0.57	0.57	0.56	0.63	0.74	0.83	0.56	0.54	0.89	0.87	0.64	0.58	0.61	0.62	0.55	0.57	0.98	0.95	0.79	0.8	0.69	0.71	0.8	0.78	0.58	0.58	0.78	0.71	0.77	0.71	0.78	0.8	0.8	0.85	0.65	0.54	0.62	0.6
尿酸(mg/dL)	6.1	6.3	2.5	2.5	5.0	4.5	3.7	4.0	3.3	3.3	3.9	4.2	4.7	4.5	6.3	6.7	3.6	3.8	4.0	3.9	4.3	4.5	6.2	6.1	5.5	5.1	5.3	4.8	5.1	5.0	6.5	5.7	4.6	4.8	4.8	4.3	4.2	3.6	3.8	3.2	4.5	5.8	4.4	4.3	5.4	4.8	3.0	3.3	3.2	2.9	6.1	5.8	3.1	3.2	3.8	4.7	5.4	4.6	5.8	6.1	4.1	3.7	4.3	4.6	6.2	6.2	3.7	3.4	7.3	8.5	4.1	3.8	4.5	4.5	3.1	3.4	4.3	4.4	5.2	5.2	4.1	4.5	4.6	4.0	2.9	2.8	6.3	7.9	3.4	3.3	3.6	3.8	3.0	3.0	6.7	6.5	5.8	5.5	6.8	6.9	3.5	3.6	3.2	3.6	3.2	3.3	3.4	3.3	4.0	5.0	2.5	2.5	3.8	4.4	6.0	5.9	3.9	4.0	4.1	3.5	2.7	2.8	3.8	3.9	3.9	4.5	5.2	4.7	3.8	3.9	6.2	5.9	4.6	4.6	3.6	4.1	4.6	4.6	7.3	7.7	7.4	6.3	5.3	5.4	4.3	4.2	2.5	2.8	5.8	5.1	5.5	5.5	5.5	5.7	4.9	4.6	3.7	3.3	3.3	3.5
Na(mEq/L)	142.0	141.0	140.0	137.0	140.0	140.0	141.0	139.0	138.0	139.0	139.0	137.0	137.0	137.0	141.0	138.0	139.0	140.0	140.0	144.0	138.0	138.0	142.0	142.0	140.0	140.0	141.0	144.0	139.0	139.0	141.0	140.0	139.0	138.0	139.0	138.0	140.0	140.0	138.0	139.0	139.0	139.0	142.0	140.0	140.0	140.0	142.0	142.0	138.0	138.0	139.0	139.0	139.0	138.0	138.0	139.0	141.0	139.0	145.0	143.0	135.0	139.0	141.0	140.0	142.0	142.0	139.0	140.0	142.0	141.0	142.0	144.0	140.0	138.0	137.0	136.0	141.0	139.0	139.0	137.0	140.0	139.0	144.0	141.0	139.0	140.0	141.0	141.0	138.0	136.0	138.0	138.0	140.0	140.0	143.0	141.0	141.0	139.0	143.0	141.0	141.0	140.0	140.0	141.0	138.0	136.0	138.0	137.0	139.0	140.0	140.0	139.0	139.0	139.0	143.0	142.0	140.0	138.0	137.0	138.0	141.0	139.0	138.0	138.0	140.0	140.0	138.0	140.0	139.0	143.0	140.0	139.0	137.0	138.0	140.0	139.0	138.0	139.0	142.0	141.0	139.0	140.0	139.0	139.0	140.0	142.0	140.0	139.0	139.0	139.0	143.0	141.0	142.0	142.0	140.0	140.0	140.0	140.0	140.0	141.0
K(mEq/L)	4.4	4.9	4.7	4.2	5.0	4.6	4.7	4.5	4.7	4.6	4.6	4.4	4.9	4.3	4.8	5.4	3.6	3.8	4.5	5.2	5.0	5.0	4.7	4.4	4.4	4.8	4.8	5.0	4.4	4.5	4.6	4.3	4.9	4.4	4.6	4.5	4.4	4.3	4.1	3.8	4.4	4.6	4.2	4.0	4.5	4.5	4.1	4.0	4.5	4.2	4.2	4.2	4.0	3.7	4.3	4.2	3.9	3.8	4.5	4.2	4.7	4.4	4.5	4.5	4.4	4.2	4.6	3.9	4.6	4.5	4.2	4.0	4.8	4.4	4.2	4.7	4.3	3.8	4.3	4.2	4.6	4.7	4.5	4.7	4.7	4.8	4.5	4.7	4.2	4.5	4.2	4.7	4.7	4.8	4.5	4.4	4.4	4.8	4.5	4.4	3.9	4.4	4.3	4.5	4.1	4.2	4.1	4.2	4.7	4.8	4.0	4.2	4.3	4.1	4.5	4.3	4.6	4.2	4.4	4.3	4.5	4.4	4.6	4.5	4.0	4.1	4.5	5.1	4.3	4.8	4.6	4.5	4.4	4.3	4.0	3.5	4.1	4.1	4.8	4.8	4.4	4.0	5.0	4.7	4.3	4.5	4.6	4.8	4.7	4.4	4.5	4.0	4.2	3.5	4.3	4.2	4.4	4.2	5.1	4.3
Cl(mEq/L)	103.0	103.0	105.0	105.0	103.0	104.0	103.0	100.0	104.0	105.0	102.0	100.0	99.0	100.0	103.0	100.0	103.0	104.0	103.0	106.0	101.0	99.0	101.0	103.0	100.0	103.0	104.0	105.0	102.0	103.0	103.0	104.0	99.0	101.0	102.0	103.0	105.0	106.0	105.0	105.0	100.0	102.0	105.0	106.0	103.0	105.0	105.0	105.0	101.0	101.0	102.0	103.0	103.0	102.0	104.0	103.0	100.0	100.0	106.0	106.0	102.0	104.0	104.0	104.0	102.0	102.0	105.0	106.0	105.0	104.0	106.0	106.0	101.0	103.0	103.0	100.0	103.0	101.0	100.0	100.0	105.0	104.0	108.0	106.0	104.0	105.0	107.0	106.0	102.0	100.0	105.0	104.0	106.0	106.0	104.0	104.0	101.0	103.0	101.0	103.0	103.0	104.0	105.0	106.0	101.0	99.0	104.0	103.0	102.0	103.0	105.0	105.0	103.0	105.0	104.0	103.0	103.0	102.0	99.0	101.0	106.0	104.0	103.0	106.0	104.0	102.0	105.0	107.0	103.0	106.0	102.0	103.0	102.0	103.0	103.0	102.0	104.0	103.0	102.0	103.0	100.0	100.0	104.0	103.0	103.0	104.0	107.0	106.0	101.0	101.0	105.0	105.0	104.0	102.0	103.0	101.0	105.0	104.0	104.0	104.0
Ca(mg/dL)	9.0	9.5	9.7	9.7	9.1	9.6	9.2	9.7	9.0	9.2	9.5	9.7	9.5	9.2	10.0	10.0	9.1	9.5	9.4	10.1	9.5	10.0	9.9	9.7	9.6	10.0	9.5	10.4	9.7	9.8	9.6	9.5	10.1	9.8	9.4	9.4	9.1	9.1	9.0	8.9	9.8	9.0	9.5	9.7	9.7	9.8	9.7	9.9	9.6	10.0	9.3	9.7	9.0	9.1	8.9	9.1	9.6	9.3	9.8	9.2	9.6	9.3	9.6	9.4	9.7	9.6	9.3	9.2	9.8	9.5	9.1	9.2	9.8	9.3	9.4	9.6	9.8	9.9	10.0	9.6	9.5	9.7	9.4	9.7	9.6	10.2	9.3	10.0	9.5	9.4	8.8	9.3	9.8	9.8	9.5	9.7	9.4	9.6	10.2	9.8	9.6	9.9	8.6	9.1	9.5	9.3	9.3	9.1	9.1	9.3	9.2	9.2	9.5	9.1	9.7	9.7	9.3	9.4	9.8	9.5	9.4	9.2	8.9	9.3	9.3	9.8	10.1	10.0	9.1	9.4	9.6	9.7	9.7	9.3	9.4	9.3	9.3	9.3	9.9	9.6	9.6	9.2	9.4	9.4	9.3	9.1	9.1	8.9	9.7	9.7	9.9	9.2	9.5	9.9	9.6	9.6	9.9	9.5	9.5	9.3
血糖(mg/dL)	85.0	90.0	97.0	94.0	93.0	92.0	98.0	99.0	80.0	81.0	91.0	95.0	101.0	98.0	94.0	102.0	94.0	101.0	82.0	86.0	92.0	93.0	76.0	87.0	90.0	95.0	87.0	83.0	92.0	95.0	104.0	103.0	101.0	102.0	89.0	94.0	74.0	85.0	84.0	85.0	123.0	114.0	85.0	85.0	89.0	91.0	81.0	86.0	85.0	92.0	96.0	99.0	97.0	94.0	85.0	87.0	95.0	90.0	95.0	89.0	87.0	85.0	95.0	91.0	86.0	85.0	84.0	87.0	99.0	97.0	80.0	83.0	84.0	80.0	91.0	95.0	91.0	88.0	88.0	98.0	90.0	91.0	63.0	83.0	90.0	101.0	95.0	98.0	107.0	103.0	82.0	89.0	86.0	88.0	97.0	99.0	90.0	92.0	93.0	82.0	86.0	88.0	94.0	91.0	85.0	77.0	92.0	89.0	89.0	97.0	91.0	89.0	81.0	86.0	82.0	93.0	88.0	89.0	89.0	85.0	83.0	86.0	82.0	87.0	85.0	94.0	92.0	92.0	90.0	87.0	96.0	92.0	82.0	80.0	89.0	85.0	89.0	89.0	95.0	92.0	98.0	98.0	81.0	88.0	92.0	99.0	91.0	87.0	90.0	90.0	93.0	94.0	90.0	82.0	93.0	96.0	87.0	86.0	91.0	92.0
白血球(/μL)	4640.0	4640.0	5480.0	5770.0	3870.0	3450.0	7420.0	8510.0	5970.0	4720.0	5670.0	4570.0	3810.0	4010.0	9050.0	8300.0	5280.0	6920.0	4490.0	4910.0	5780.0	5860.0	4940.0	5140.0	6590.0	7780.0	4410.0	4460.0	6760.0	5210.0	4710.0	4290.0	4490.0	5800.0	4020.0	5230.0	6540.0	7440.0	3620.0	3560.0	5230.0	5200.0	3730.0	3430.0	4570.0	4290.0	3660.0	3520.0	4950.0	5540.0	5560.0	6250.0	5590.0	4500.0	4740.0	3900.0	4910.0	4570.0	4390.0	4030.0	4880.0	5340.0	4740.0	4480.0	4550.0	4290.0	6170.0	4690.0	4890.0	4710.0	4330.0	4840.0	3690.0	4110.0	6090.0	5550.0	6350.0	4580.0	5270.0	5430.0	3050.0	3060.0	4750.0	4620.0	8130.0	7990.0	6400.0	6280.0	11230.0	7780.0	5950.0	5810.0	5100.0	4780.0	3450.0	3950.0	4120.0	3830.0	9280.0	7300.0	4720.0	5230.0	5710.0	3970.0	4180.0	3850.0	3890.0	4550.0	6660.0	5200.0	3650.0	3350.0	5810.0	5170.0	3200.0	2630.0	5020.0	4680.0	6700.0	6310.0	5250.0	6090.0	5770.0	6860.0	4430.0	5490.0	4540.0	4520.0	5890.0	5030.0	4550.0	5090.0	8360.0	8180.0	7830.0	9370.0	7510.0	6550.0	6640.0	5310.0	5910.0	5770.0	3440.0	4380.0	10420.0	8640.0	5050.0	4840.0	7090.0	7480.0	4690.0	4860.0	5530.0	5870.0	3910.0	4080.0	5650.0	5290.0	6130.0	6100.0
赤血球(10^4/μL)	465.0	462.0	499.0	504.0	476.0	469.0	480.0	486.0	429.0	401.0	432.0	447.0	457.0	452.0	522.0	530.0	418.0	420.0	421.0	449.0	443.0	454.0	549.0	532.0	437.0	447.0	417.0	423.0	485.0	471.0	544.0	511.0	467.0	450.0	425.0	412.0	448.0	427.0	474.0	462.0	456.0	444.0	458.0	456.0	446.0	459.0	403.0	396.0	428.0	445.0	493.0	503.0	378.0	389.0	451.0	452.0	503.0	485.0	476.0	490.0	448.0	434.0	417.0	431.0	563.0	536.0	404.0	395.0	459.0	451.0	428.0	422.0	449.0	435.0	422.0	441.0	425.0	432.0	524.0	516.0	370.0	370.0	464.0	480.0	427.0	440.0	503.0	502.0	474.0	450.0	391.0	407.0	463.0	435.0	404.0	412.0	428.0	448.0	566.0	550.0	437.0	454.0	405.0	403.0	383.0	369.0	460.0	463.0	462.0	487.0	436.0	436.0	405.0	386.0	478.0	466.0	452.0	447.0	435.0	437.0	425.0	441.0	510.0	531.0	418.0	460.0	459.0	455.0	405.0	410.0	498.0	486.0	397.0	405.0	476.0	482.0	458.0	449.0	528.0	514.0	482.0	469.0	419.0	429.0	414.0	407.0	443.0	454.0	468.0	461.0	503.0	475.0	468.0	476.0	472.0	487.0	431.0	421.0	452.0	445.0
ヘモグロビン(g/dL)	14.2	14.4	14.1	14.1	14.5	13.8	13.8	14.0	13.2	12.3	12.7	13.2	13.9	13.5	15.9	16.0	12.8	12.6	12.2	12.8	14.0	14.1	15.8	15.0	13.0	13.4	13.1	13.2	15.3	15.0	15.1	14.6	13.8	13.5	13.8	12.8	12.5	11.6	10.7	10.4	14.1	13.1	14.0	13.5	14.5	14.9	11.9	11.7	13.2	13.5	14.8	14.9	10.7	10.8	13.1	13.2	14.3	13.7	15.5	15.9	12.9	12.6	11.1	11.4	17.0	16.7	12.4	12.3	15.2	15.3	12.3	12.5	13.6	13.3	12.8	13.2	13.2	13.0	16.6	16.3	10.6	10.6	12.7	13.3	13.0	13.5	15.5	15.5	14.1	13.3	12.2	12.4	14.9	13.6	12.6	12.6	12.5	12.7	16.6	15.8	11.8	12.1	11.9	11.8	12.0	11.7	13.5	13.8	13.5	14.6	10.6	10.6	12.2	11.9	14.9	14.5	14.7	14.0	13.4	13.4	11.2	11.4	15.4	15.5	13.3	14.3	13.2	13.1	13.1	13.1	15.1	14.5	12.3	12.2	14.3	14.7	13.8	13.7	16.2	15.6	14.8	14.5	12.8	13.6	14.2	14.4	11.9	12.4	14.3	14.6	14.5	13.7	15.4	15.7	13.6	14.2	13.4	12.9	13.1	12.7
ヘマトクリット(%)	45.1	44.1	44.8	43.8	45.3	44.2	43.7	44.0	42.0	39.6	41.0	42.4	43.4	43.0	48.5	50.4	39.8	40.6	38.0	42.0	42.4	44.5	49.9	48.7	41.3	42.0	42.0	43.0	48.3	46.4	49.4	45.2	46.2	43.9	43.2	38.7	40.5	35.5	36.8	33.3	44.7	39.9	43.1	39.6	44.4	45.3	39.1	38.1	41.7	42.4	46.6	46.6	35.0	35.7	42.6	43.0	46.2	45.3	48.1	50.2	41.8	41.3	37.3	38.8	53.0	51.0	39.8	39.2	46.3	46.0	38.9	39.0	43.9	42.7	39.0	41.1	42.2	42.6	51.6	51.0	35.8	34.5	42.1	42.8	41.7	42.8	46.7	47.1	44.6	43.0	37.1	38.7	44.1	41.9	39.4	41.3	38.8	41.5	50.9	49.7	39.3	40.1	38.9	38.4	39.1	37.2	43.7	43.6	44.9	46.7	37.4	36.1	39.3	36.6	47.2	41.9	46.3	42.0	41.6	42.5	38.3	38.9	48.0	45.5	43.5	46.0	40.8	41.3	42.1	42.7	46.6	44.5	39.0	39.9	46.0	46.7	43.2	43.5	50.2	49.2	45.5	44.0	41.8	42.3	43.9	43.7	38.9	40.3	45.6	45.5	47.4	45.1	48.7	49.6	43.1	45.0	42.1	41.6	42.6	42.2
血小板(10^4/μL)	22.4	24.2	23.1	25.6	23.6	22.4	27.3	26.9	22.4	21.3	20.1	21.4	22.0	25.7	34.7	30.8	27.3	31.9	25.8	30.0	23.6	29.5	23.5	23.9	35.5	36.4	28.4	29.2	17.9	17.9	24.5	25.6	27.7	29.5	26.7	25.1	25.5	25.4	33.2	32.3	36.5	33.5	27.5	28.8	23.2	21.8	22.7	20.9	25.5	25.2	28.7	27.0	30.9	33.8	27.5	26.9	17.7	18.4	26.2	26.1	24.8	27.2	28.9	28.1	22.3	23.1	20.7	20.9	26.5	25.9	26.6	25.9	33.9	28.3	21.0	26.6	22.3	23.9	24.3	23.7	27.3	28.4	29.3	29.6	25.9	27.7	25.4	25.4	32.5	32.3	24.0	27.5	26.3	29.4	20.8	21.3	22.7	25.7	33.4	30.9	33.9	33.7	20.7	22.0	27.1	26.6	22.0	21.6	27.8	32.1	24.9	26.4	19.6	22.2	18.8	20.1	24.4	26.9	34.4	31.2	35.2	39.9	26.1	28.5	21.1	21.9	23.8	24.4	32.9	32.1	34.0	31.2	32.5	34.2	26.6	25.2	32.4	35.2	21.6	21.0	25.8	26.5	21.1	20.0	25.3	23.6	21.0	23.1	29.2	27.5	18.9	18.8	23.3	25.2	29.6	28.4	37.3	38.0	30.1	29.0
